time_s,n_vehicles,avg_speed,n_halting
0,1,13.89,0
15,31,11.498,0
30,58,9.524,7
45,89,8.022,11
60,120,8.145,31
75,146,5.514,73
90,172,4.063,71
105,185,9.351,29
120,207,7.031,72
135,231,4.716,92
150,233,8.172,43
165,242,5.935,98
180,254,4.459,105
195,243,8.361,52
210,249,6.223,96
225,273,4.416,114
240,275,6.886,72
255,269,5.523,116
270,282,4.665,115
285,262,7.93,64
300,269,5.556,125
315,286,4.526,128
330,284,7.142,69
345,279,5.957,104
360,293,3.82,129
375,278,7.644,73
390,283,5.451,125
405,292,3.909,142
420,290,6.853,74
435,273,5.514,113
450,284,4.199,119
465,276,7.641,54
480,271,6.249,101
495,277,4.461,120
510,277,6.642,74
525,281,4.66,143
540,295,3.586,149
555,286,7.212,78
570,292,5.832,111
585,313,4.056,136
600,308,6.198,103
615,304,4.645,149
630,325,3.264,168
645,313,7.214,73
660,310,6.027,116
675,315,4.696,122
690,297,6.567,83
705,295,5.124,129
720,307,3.659,149
735,288,7.329,58
750,292,6.162,106
765,304,4.487,135
780,295,6.884,87
795,302,4.793,141
810,313,3.746,151
825,293,7.425,65
840,292,5.385,124
855,311,4.237,134
870,307,6.525,92
885,302,5.09,148
900,322,3.753,158
915,308,7.452,67
930,313,5.887,123
945,312,4.417,120
960,310,5.837,111
975,312,4.74,161
990,323,3.426,166
1005,309,6.656,73
1020,313,5.48,115
1035,323,4.048,131
1050,320,6.155,99
1065,322,4.64,156
1080,331,3.38,174
1095,314,7.027,74
1110,323,5.99,118
1125,332,4.221,140
1140,328,6.083,97
1155,322,4.458,163
1170,327,3.666,158
1185,310,6.525,90
1200,318,5.73,118
1215,327,4.214,149
1230,313,6.471,99
1245,316,5.307,131
1260,333,3.746,149
1275,307,6.77,73
1290,312,5.43,127
1305,325,3.812,153
1320,313,6.106,96
1335,306,4.554,149
1350,313,3.314,164
1365,308,7.447,66
1380,307,5.884,109
1395,324,4.253,137
1410,321,5.877,103
1425,322,4.196,166
1440,334,3.31,174
1455,313,6.788,64
1470,321,6.14,123
1485,334,4.284,137
1500,339,5.782,114
1515,348,4.036,196
1530,363,3.101,197
1545,347,7.146,84
1560,341,5.832,135
1575,351,4.085,149
1590,340,5.922,100
1605,337,4.554,158
1620,344,3.194,175
1635,333,6.379,102
1650,340,5.35,135
1665,353,3.811,152
1680,337,5.59,103
1695,331,4.486,164
1710,349,3.563,173
1725,331,5.913,124
1740,335,4.946,154
1755,350,3.518,163
1770,339,5.941,101
1785,337,4.497,161
